server_count,runtime_seconds,peak_process_bytes,trace_sha256,completed_count,rejected_count,mean_response_time,p95_response_time,final_event_seconds,validation,repeat
10,0.07219829992391169,36704256,6f46ff1df62b6d7643224738be6e201e70c62cd82c0ee9b212e80ae613781dc5,1905,8095,5.8625951542626575,7.360431867431025,106.92940206067316,passed,1
10,0.07524579996243119,37130240,6f46ff1df62b6d7643224738be6e201e70c62cd82c0ee9b212e80ae613781dc5,1905,8095,5.8625951542626575,7.360431867431025,106.92940206067316,passed,2
10,0.07706170016899705,36691968,6f46ff1df62b6d7643224738be6e201e70c62cd82c0ee9b212e80ae613781dc5,1905,8095,5.8625951542626575,7.360431867431025,106.92940206067316,passed,3
100,0.12774299993179739,39165952,6f46ff1df62b6d7643224738be6e201e70c62cd82c0ee9b212e80ae613781dc5,10000,0,0.5502258507246272,0.9558912359290979,100.8817568360389,passed,1
100,0.14333899994380772,39620608,6f46ff1df62b6d7643224738be6e201e70c62cd82c0ee9b212e80ae613781dc5,10000,0,0.5502258507246272,0.9558912359290979,100.8817568360389,passed,2
100,0.13513320009224117,39337984,6f46ff1df62b6d7643224738be6e201e70c62cd82c0ee9b212e80ae613781dc5,10000,0,0.5502258507246272,0.9558912359290979,100.8817568360389,passed,3
1000,0.12745260004885495,39985152,6f46ff1df62b6d7643224738be6e201e70c62cd82c0ee9b212e80ae613781dc5,10000,0,0.5502258507246272,0.9558912359290979,100.8817568360389,passed,1
1000,0.12395010003820062,40542208,6f46ff1df62b6d7643224738be6e201e70c62cd82c0ee9b212e80ae613781dc5,10000,0,0.5502258507246272,0.9558912359290979,100.8817568360389,passed,2
1000,0.13170469994656742,40026112,6f46ff1df62b6d7643224738be6e201e70c62cd82c0ee9b212e80ae613781dc5,10000,0,0.5502258507246272,0.9558912359290979,100.8817568360389,passed,3
